,House member,political_party,number_of_terms,gender,university,age,ethnicity,religion,leadership_role ,previous_experience,veteran_status,rural_urban ,field_study,school_status,state,kids,degree_status,voting_privilege,,,,
HM001,Barry Moore,1,3,1,3,59,0,0,0,2,1,1,3,0,Alabama,4,1,1,,,,
HM002,Shomari Figures,2,1,1,1,40,1,0,0,0,0,0,1,0,Alabama,3,3,1,,,,
HM003,Mike Rogers,1,12,1,3,67,0,0,1,2,0,1,0,1,Alabama,3,3,1,,,,
HM004,Robert Aderholt,1,15,1,3,60,0,0,0,2,0,0,0,1,Alabama,2,3,1,,,,
HM005,Dale Strong,1,2,1,1,55,0,0,0,2,0,2,2,0,Alabama,2,1,1,,,,
HM006,Gary Palmer,1,6,1,3,71,0,0,0,2,0,1,3,0,Alabama,3,1,1,,,,
HM007,Terri Sewell,2,7,2,1,60,1,2,0,1,0,2,2,0,Alabama,0,3,1,,,,
HM008,Nicholas Begich,1,0,1,0,47,5,2,0,2,0,3,1,0,Alaska,3,3,1,,,,
HM009,Amata Coleman Radewagen,1,5,2,0,77,5,2,0,2,0,3,1,0,American Samoa,1,2,0,,,,
HM010,David Schweikert,1,7,1,0,62,5,2,0,2,0,1,1,0,Arizona,2,3,1,,,,
HM011,Eli Crane,1,1,1,0,44,5,2,0,2,1,1,1,0,Arizona,2,2,1,,,,
HM012,Yassamin Ansari,2,1,2,1,33,5,6,2,1,0,1,1,0,Arizona,0,3,1,,,,
HM013,Greg Stanton,2,2,2,1,55,0,0,0,1,1,1,1,0,Arizona ,2,3,1,,,,
HM014,Andy Biggs,1,5,1,1,66,0,0,0,2,1,1,1,0,Arizona,6,3,1,,,,
HM015,Juan Ciscomani,1,1,1,1,42,2,0,0,2,1,1,0,0,Arizona,6,1,1,,,,
HM016,Adelita Grijalva,2,0,0,1,54,2,6,0,1,1,2,4,0,Arizona,3,2,1,,,,
HM017,Rick Crawford,1,7,1,1,58,0,0,0,2,0,0,4,0,Arkansas,2,1,1,,,,
HM018,French Hill,1,5,1,1,68,0,0,0,2,1,1,2,1,Arkansas ,2,1,1,,,,
HM019,Steve Womack,1,7,1,1,68,0,0,0,2,0,0,4,0,Arkansas,3,1,1,,,,
HM020,Bruce Westerman,1,5,1,1,57,0,0,1,2,1,0,3,0,Arkansas,4,2,1,,,,
HM021,Doug LaMalfa,1,7,1,2,65,0,0,0,2,1,0,2,0,California ,4,1,1,,,,
HM022,Jared Huffman,2,7,1,3,61,0,5,0,1,1,0,0,0,California ,2,3,1,,,,
HM023,Kevin Kiley,1,2,1,5,40,0,0,0,2,1,0,4,1,California ,0,3,1,,,,
HM024,Mike Thompson,2,14,1,3,74,0,0,1,1,0,2,4,0,California ,2,3,1,,,,
HM025,Tom McClintock,1,9,1,1,69,0,0,1,2,1,1,0,0,California ,2,1,1,,,,
HM026,Ami Bera,2,7,1,1,60,3,6,1,0,1,1,2,0,California ,1,3,1,,,,
HM027,Doris Matsui,2,11,0,1,81,3,0,0,2,1,2,4,0,California ,1,1,1,,,,
HM028,"Garamendi, John",2,8,1,1,79,0,0,0,1,0,1,0,0,California ,6,3,1,,,,
HM029,"Harder, Josh",2,3,1,1,38,0,0,0,1,1,1,2,1,California ,2,2,1,,,,
HM030,"DeSaulnier, Mark",2,19,0,0,85,0,0,2,1,1,2,1,1,California ,5,3,1,,,,
HM031,"Pelosi, Nancy",2,19,0,1,85,0,0,2,1,1,2,1,1,California ,5,1,1,,,,
HM032,"Simon, Lateefah",2,0,0,1,47,1,5,0,1,1,2,4,0,California ,1,1,1,,,,
HM033,"Gray, Adam",2,1,1,1,40,2,0,0,1,1,1,0,0,California ,2,1,1,,,,
HM034,"Swalwell, Eric",2,6,1,1,43,0,0,0,1,1,1,1,0,California ,3,2,1,,,,
HM035,"Mullin, Kevin",2,2,1,1,54,0,0,0,1,1,1,0,0,California ,2,2,1,,,,
HM036,"Liccardo, Sam",2,0,1,1,53,0,0,0,1,1,2,1,0,California ,0,3,1,,,,
HM037,"Khanna, Ro",2,4,1,0,48,3,4,0,1,1,2,3,1,California ,2,3,1,,,,
HM038,"Lofgren, Zoe",2,15,0,1,77,0,0,1,1,1,2,0,1,California ,2,3,1,,,,
HM039,"Panetta, Jimmy",2,4,1,1,53,0,0,1,1,0,1,1,1,California ,2,3,1,,,,
HM040,"Fong, Vince",1,1,1,1,45,0,0,0,1,1,1,0,1,California ,0,1,1,,,,
HM041,"Costa, Jim",2,10,1,1,73,2,0,1,1,1,1,0,1,California ,0,1,1,,,,
HM042,"Valadao, David",1,5,1,1,48,2,0,0,2,1,1,2,1,California ,3,1,1,,,,
HM043,"Obernolte, Jay",1,3,1,3,54,0,0,1,2,1,0,3,1,California ,2,3,1,,,,
HM044,"Carbajal, Salud",2,4,1,1,60,2,0,0,1,0,2,4,0,California ,2,2,1,,,,
HM045,"Ruiz, Raul",2,6,1,1,53,2,0,1,1,1,1,3,0,California ,2,3,1,,,,
HM046,"Brownley, Julia",2,6,0,1,72,0,0,1,1,1,1,0,1,California ,2,1,1,,,,
HM047,"Whitesides, George",2,1,1,3,51,0,0,0,2,1,1,3,1,California ,2,3,1,,,,
HM048,"Chu, Judy",2,8,0,3,72,3,0,1,1,1,2,0,1,California ,1,3,1,,,,
HM049,"Rivas, Luz",2,1,0,3,51,2,0,1,1,1,2,3,0,California ,0,3,1,,,,
HM050,"Friedman, Laura",2,1,0,1,58,0,0,0,1,1,2,0,0,California ,1,1,1,,,,
HM051,"Cisneros, Gil",2,1,1,2,54,2,0,0,1,0,1,1,0,California ,2,2,1,,,,
HM052,"Sherman, Brad",2,14,1,1,70,0,2,1,1,1,2,1,0,California ,3,1,1,,,,
HM053,"Aguilar, Pete",2,6,1,1,45,2,0,3,1,1,2,1,0,California ,2,1,1,,,,
HM054,"Gomez, Jimmy",2,5,1,1,50,2,0,0,1,1,2,0,0,California ,0,1,1,,,,
HM055,"Torres, Norma",2,5,0,1,59,2,0,1,1,1,2,4,0,California ,5,1,1,,,,
HM056,"Lieu, Ted",2,5,1,1,56,3,0,1,1,0,2,1,0,California ,2,2,1,,,,
HM057,"Kamlager, Sydney",2,1,0,1,51,1,0,0,1,1,2,0,0,California ,1,2,1,,,,
HM058,"Sánchez, Linda",2,10,0,3,55,2,0,1,1,1,2,1,0,California ,1,1,1,,,,
HM059,"Takano, Mark",2,6,1,1,64,3,5,2,1,1,2,4,0,California ,0,1,1,,,,
HM060,"Kim, Young",1,3,0,1,62,3,0,0,2,1,2,2,1,California ,4,1,1,,,,
HM061,"Calvert, Ken",1,16,1,1,71,0,0,1,2,1,1,2,0,California ,0,1,1,,,,
HM062,"Garcia, Robert",2,1,1,2,47,2,0,1,1,0,2,0,0,California ,2,3,1,,,,
HM063,"Waters, Maxine",2,18,0,1,87,1,0,1,1,1,2,0,0,California ,2,3,1,,,,
HM064,"Barragán, Nanette",2,4,0,1,49,2,0,0,1,1,2,0,0,California ,0,3,1,,,,
HM065,"Tran, Derek",2,1,1,2,44,3,5,0,2,0,2,1,0,California ,3,3,1,,,,
HM066,"Correa, Lou",2,3,1,1,67,2,0,0,1,0,2,0,0,California ,4,1,1,,,,
HM067,"Min, Dave",2,1,1,0,49,3,5,0,1,1,2,1,0,California ,3,3,1,,,,
HM068,"Issa, Darrell",1,9,1,1,71,0,0,0,2,0,1,2,0,California ,1,1,1,,,,
HM069,"Levin, Mike",2,4,1,0,46,0,2,0,1,1,2,1,0,California ,2,3,1,,,,
HM070,"Peters, Scott",2,4,1,0,65,0,0,0,1,1,2,1,0,California ,2,3,1,,,,
HM071,"Jacobs, Sara",2,1,0,0,34,0,5,0,2,1,2,0,0,California ,0,2,1,,,,
HM072,"Vargas, Juan",2,6,1,1,64,2,0,0,1,0,2,0,0,California ,2,2,1,,,,
HM073,Diana DeGette,2,15,0,3,68,0,0,0,1,1,2,4,1,Colorado,2,3,1,,,,
HM074,Joe Neguse,2,3,1,1,41,1,5,1,1,1,1,0,0,Colorado,2,3,1,,,,
HM075,Jeff Hurd,1,1,1,0,46,0,5,0,2,1,0,4,1,Colorado,4,3,1,,,,
HM076,Lauren Boebert,1,3,0,1,38,0,0,0,2,1,0,4,0,Colorado,4,1,1,,,,
HM077,Jeff Crank,1,1,1,1,58,0,5,0,2,1,2,0,0,Colorado,2,1,1,,,,
HM078,Jason Crow,2,4,1,1,46,0,0,0,2,0,1,1,1,Colorado,2,3,1,,,,
HM079,Brittney Petterson,2,1,0,1,41,0,5,0,1,1,2,0,0,Colorado,2,1,1,,,,
HM080,"Evans, Gabe",1,1,1,1,39,2,0,0,2,0,1,4,1,Colorado ,2,1,1,,,,
HM081,"Larson, John",2,14,1,1,77,0,0,1,1,1,2,4,0,Connecticut,3,1,1,,,,
HM082,"Courtney, Joe",2,9,1,1,72,0,5,0,1,,1,1,0,Connecticut,2,3,1,,,,
HM083,"DeLauro, Rosa",2,18,0,1,82,0,0,1,1,1,2,4,1,Connecticut,3,2,1,,,,
HM084,"Himes, James",2,9,1,1,59,0,0,1,1,1,1,2,1,Connecticut,2,3,1,,,,
HM085,"Hayes, Jahana",2,4,0,2,52,1,5,0,1,1,2,4,1,Connecticut ,4,2,1,,,,
HM086,"McBride, Sarah",2,1,2,2,35,0,5,0,1,1,2,4,1,Deleware,0,1,1,,,,
HM087,"Norton, Eleanor",2,18,0,2,88,1,5,0,1,1,2,1,1,District of Columbia,2,3,0,,,,
HM088,"Patronis, Jimmy",1,1,1,1,53,0,0,0,2,1,0,0,0,Florida,2,1,1,,,,
HM089,"Dunn, Neal",1,5,1,1,72,0,5,1,1,0,1,4,1,Florida,3,3,1,,,,
HM090,"Cammack, Kat",1,3,0,1,37,0,0,0,1,1,1,4,0,Florida ,1,2,1,,,,
HM091,"Bean, Aaron",1,1,1,1,58,0,0,0,1,1,2,2,1,Florida,3,1,1,,,,
HM092,"Rutherford, John",1,5,1,1,73,0,0,0,1,1,2,4,0,Flordia,2,1,1,,,,
HM093,"Mills, Cory",1,1,1,1,45,0,5,0,2,0,1,4,1,Florida,2,2,1,,,,
HM094,"Soto, Darren",2,5,1,1,47,2,5,0,1,1,2,1,1,Florida ,0,3,1,,,,
HM095,"Frost, Maxwell",2,1,1,1,28,5,5,1,2,1,2,2,0,Florida,0,0,1,,,,
HM096,"Webster, Daniel",1,7,1,1,76,0,0,1,1,1,2,3,0,Florida,6,1,1,,,,
HM097,"Bilirakis, Gus",1,10,1,1,62,0,0,1,1,1,2,1,1,Florida,4,3,1,,,,
HM098,"Luna, Anna Paulina",1,2,0,1,36,2,5,2,0,0,2,3,0,Florida,1,1,1,,,,
HM099,"Castor, Kathy",2,10,0,1,58,0,0,1,1,1,2,1,0,Florida,2,3,1,,,,
HM100,"Lee, Laurel",1,2,0,1,51,0,5,1,2,1,1,1,0,Florida,3,3,1,,,,
HM101,"Buchanan, Vern",1,9,1,1,74,0,0,1,2,0,2,2,1,Florida,2,3,1,,,,
HM102,"Steube, Greg",1,4,1,1,47,0,0,0,1,0,1,1,0,Florida,1,3,1,,,,
HM103,"Franklin, Scott",1,3,1,1,61,0,0,0,1,0,2,2,1,Florida,3,2,1,,,,
HM104,"Donalds, Byron",1,2,1,1,46,1,5,1,1,1,2,2,0,Florida,3,1,1,,,,
HM105,"Cherfilus-McCormick, Sheila",2,2,0,1,46,1,0,1,2,1,0,1,1,Florida,2,3,1,,,,
HM106,"Mast, Brian",1,5,1,1,45,1,0,1,2,0,2,4,1,Florida,4,1,1,,,,
HM107,"Frankel, Lois",2,6,0,1,77,0,2,0,1,1,2,1,1,Florida,1,3,1,,,,
HM108,"Moskowitz, Jared",2,2,1,1,44,0,2,0,1,1,2,1,1,Florida,0,3,1,,,,
HM109,"Wilson, Frederica",2,8,0,1,82,1,0,1,1,1,2,4,1,Florida ,3,2,1,,,,
HM110,"Wasserman Schultz, Debbie",2,10,0,1,58,0,2,1,1,1,2,0,0,Florida,3,2,1,,,,
HM111,"Díaz-Balart, Mario",1,11,1,1,63,2,0,1,1,1,2,0,0,Florida,1,1,1,,,,
HM112,"Salazar, María Elvira",1,3,0,1,63,2,0,1,2,1,2,4,1,Florida,2,2,1,,,,
HM113,"Giménez, Carlos A.",1,3,1,1,71,2,0,4,1,1,2,4,1,Florida,3,1,1,,,,
HM114,"Carter, Earl",1,5,1,1,68,0,0,0,1,1,1,4,0,Georgia,3,1,1,,,,
HM115,"Bishop, Sanford D.",2,17,1,1,78,1,0,1,1,0,0,1,1,Georgia,1,3,1,,,,
HM116,"Jack, Brian",1,1,1,1,37,1,0,0,2,1,1,4,1,Georgia,0,1,1,,,,
HM117,"Johnson, Hank",2,10,1,1,70,1,3,1,1,1,1,1,0,Georgia,2,3,1,,,,
HM118,"Williams, Nikema",2,3,0,1,47,1,0,0,1,1,2,3,1,Georgia,1,1,1,,,,
HM119,"McBath, Lucy",2,4,0,1,65,1,0,0,2,1,2,0,0,Georgia,2,1,,,,,
HM120,"McCormick, Rich",1,1,1,1,55,0,0,1,1,0,0,2,0,Georgia,3,3,1,,,,
HM121,"Scott, Austin",1,6,1,1,54,0,0,0,1,1,0,2,0,Georgia,2,1,1,,,,
HM122,"Clyde, Andrew",1,2,1,1,60,0,0,0,2,0,0,2,0,Georgia,3,1,1,,,,
HM123,"Collins, Mike",1,1,1,1,55,0,0,0,2,0,0,2,0,Georgia,2,1,1,,,,
HM124,"Loudermilk, Barry",1,5,1,1,59,0,0,0,1,0,0,2,0,Georgia,3,1,1,,,,
HM125,"Allen, Rick W.",1,5,1,1,72,0,0,0,1,0,0,2,0,Georgia,4,1,1,,,,
HM126,"Scott, David",2,11,1,1,78,2,0,0,1,0,1,0,0,Georgia,3,3,1,,,,
HM127,"Greene, Marjorie Taylor",1,2,0,1,50,0,0,0,2,1,0,2,0,Georgia,3,1,1,,,,
HM128,"Moylan, James",1,1,1,1,62,5,0,0,2,0,0,2,0,Guam,2,1,0,,,,
HM129,"Case, Ed",2,5,1,1,71,0,0,0,1,0,1,1,0,Hawaii,3,3,1,,,,
HM130,"Tokuda, Jill",2,1,0,1,48,3,0,0,1,0,1,0,1,Hawaii,2,1,1,,,,
HM131,Russ Fulcher,1,3,1,1,61,0,0,0,1,0,0,2,0,Idaho,2,1,1,,,,
HM132,Michael Simpson,1,13,1,1,73,0,0,1,1,0,0,1,0,Idaho,2,3,1,,,,
HM133,Jonathan Jackson,2,1,1,1,59,1,0,0,1,1,1,2,0,Illinois,3,2,1,,,,
HM134,Robin Kelly,2,6,0,1,58,1,0,0,1,1,1,2,0,Illinois,2,3,1,,,,
HM135,Delia Ramirez,2,1,0,1,41,2,5,0,1,1,2,2,0,Illinois,0,1,1,,,,
HM136,Jesus Garcia,2,3,1,1,67,2,0,0,1,1,1,2,0,Illinois,2,3,1,,,,
HM137,Mike Quigley,2,8,1,1,65,0,0,0,1,1,1,2,1,Illinois,2,3,1,,,,
HM138,Sean Casten,2,3,1,1,52,0,5,0,1,1,1,3,1,Illinois,2,3,1,,,,
HM139,Danny Davis,2,14,1,1,83,1,0,0,1,0,1,2,0,Illinois,2,3,1,,,,
HM140,Raja Krishnamoorthi,2,5,1,1,51,3,4,0,1,1,2,3,1,Illinois,3,3,1,,,,
HM141,Janice Schakowsky,2,13,0,1,80,0,2,0,1,1,2,2,0,Illinois,2,3,1,,,,
HM142,Bradley Schneider,2,6,1,1,63,0,2,0,1,1,2,2,1,Illinois,3,3,1,,,,
HM143,Bill Foster,2,8,1,1,68,0,5,0,1,1,2,3,0,Illinois,2,3,1,,,,
HM144,Mike Bost,1,5,1,1,63,0,0,1,1,0,0,2,0,Illinois,3,1,1,,,,
HM145,Nikki Budzinski,2,1,0,1,47,0,5,0,1,1,1,0,0,Illinois,0,1,1,,,,
HM146,Lauren Underwood,2,3,0,1,38,1,0,0,1,1,2,3,0,Illinois,0,3,1,,,,
HM147,Mary Miller,1,2,0,1,65,0,0,0,2,1,0,0,0,Illinois,7,1,1,,,,
HM148,Darin LaHood,1,5,1,1,56,0,0,0,1,1,0,1,0,Illinois,3,3,1,,,,
HM149,Eric Sorensen,2,1,1,1,47,5,5,0,1,1,2,4,0,Illinois,0,1,1,,,,
HM150,Frank Mrvan,2,2,1,1,54,0,0,0,1,1,1,2,0,Indiana,2,3,1,,,,
HM151,Rudy Yakym,1,1,1,1,40,0,0,0,2,1,0,2,0,Indiana,3,1,1,,,,
HM152,Marlin Stutzman,1,4,1,1,47,0,0,0,1,0,0,2,0,Indiana,4,1,1,,,,
HM153,James Baird,1,3,1,1,78,0,0,0,1,0,0,3,0,Indiana,2,3,1,,,,
HM154,Victoria Spartz,1,2,0,1,46,5,0,0,2,1,1,2,0,Indiana,2,3,1,,,,
HM155,Jefferson Shreve,1,1,1,1,57,0,0,0,2,1,0,2,0,Indiana,2,2,1,,,,
HM156,Andre Carson,2,8,1,1,50,1,6,0,1,1,2,2,0,Indiana,0,3,1,,,,
HM157,Mark Messmer,1,1,1,1,58,0,0,0,1,0,0,2,0,Indiana,3,1,1,,,,
HM158,Erin Houchin,1,1,0,1,47,0,0,0,1,1,0,0,0,Indiana,3,1,1,,,,
HM159,Mariannette Miller-Meeks,1,2,0,1,69,0,0,0,1,0,1,3,0,Iowa,2,3,1,,,,
HM160,Ashley Hinson,1,2,0,1,41,0,0,0,1,1,1,0,0,Iowa,2,1,1,,,,
HM161,Zach Nunn,1,1,1,1,44,0,0,0,1,0,0,3,0,Iowa,3,3,1,,,,
HM162,Randy Feenstra,1,2,1,1,55,0,0,0,1,0,0,2,0,Iowa,4,3,1,,,,
HM163,Tracey Mann,1,2,1,1,48,0,0,0,1,0,0,2,0,Kansas,4,3,1,,,,
HM164,Derek Schmidt,1,1,1,1,56,0,0,0,1,0,0,1,0,Kansas,3,3,1,,,,
HM165,Sharice Davids,2,3,0,1,44,5,6,0,1,1,2,1,0,Kansas,0,3,1,,,,
HM166,Ron Estes,1,4,1,1,67,0,0,0,1,0,0,2,0,Kansas,3,3,1,,,,
HM167,"James Comer (R, 1st) House of Representatives",1,4,1,1,52,0,0,1,1,0,0,2,0,Kentucky,3,1,1,,,,
HM168,"Brett Guthrie (R, 2nd) House of Representatives",1,8,1,1,59,0,0,0,1,0,0,3,0,Kentucky,2,3,1,,,,
HM169,"Morgan McGarvey (D, 3rd) House of Representatives",2,1,1,1,44,0,0,0,1,1,2,1,1,Kentucky,3,3,1,,,,
HM170,"Thomas Massie (R, 4th) House of Representatives",1,6,1,1,53,0,0,0,1,0,0,3,1,Kentucky,4,3,1,,,,
HM171,"Harold Rogers (R, 5th) House of Representatives",1,22,1,1,86,0,0,1,1,0,0,2,0,Kentucky,2,3,1,,,,
HM172,"Andy Barr (R, 6th)",1,6,1,1,51,0,0,0,1,1,1,1,0,Kentucky,2,3,1,,,,
HM173,"Steve Scalise (R, 1st) House of Representatives",1,9,1,1,59,0,0,3,1,0,0,2,0,Louisiana,2,3,1,,,,
HM174,"Troy Carter (D, 2nd) House of Representatives",2,2,1,1,61,1,0,0,1,1,2,0,0,Louisiana,2,3,1,,,,
HM175,"Clay Higgins (R, 3rd) House of Representatives",1,5,1,1,62,0,0,0,1,0,0,2,0,Louisiana,4,1,1,,,,
HM176,"Mike Johnson (R, 4th) House of Representatives",1,5,1,1,52,0,0,2,1,0,0,1,0,Louisiana,4,3,1,,,,
HM177,"Julia Letlow (R, 5th) House of Representatives",1,2,0,1,43,0,0,0,1,1,0,0,0,Louisiana,2,3,1,,,,
HM178,"Cleo Fields (D, 6th)",2,2,1,1,62,1,0,0,1,1,2,1,0,Louisiana,3,3,1,,,,
HM179,"Chellie Pingree (D, 1st) House of Representatives",2,8,0,1,69,0,0,0,1,1,1,0,0,Maine,1,1,1,,,,
HM180,"Jared Golden (D, 2nd)",2,3,1,1,42,0,0,0,1,0,0,0,0,Maine,2,1,1,,,,
HM181,"Andy Harris (R, 1st) House of Representatives",1,7,1,1,67,0,0,0,1,0,0,3,1,Maryland,5,3,1,,,,
HM182,"Johnny Olszewski (D, 2nd) House of Representatives",2,0,1,1,41,0,0,0,1,1,2,2,0,Maryland,2,3,1,,,,
HM183,"Sarah Elfreth (D, 3rd) House of Representatives",2,0,0,1,36,0,0,0,1,1,2,2,0,Maryland,1,3,1,,,,
HM184,"Glenn Ivey (D, 4th) House of Representatives",2,1,1,1,63,1,0,0,1,1,2,1,1,Maryland,4,3,1,,,,
HM185,"Steny Hoyer (D, 5th) House of Representatives",2,21,1,1,85,0,0,3,1,0,1,1,1,Maryland,3,3,1,,,,
HM186,"April McClain Delaney (D, 6th) House of Representatives",2,0,0,1,59,0,0,0,2,1,1,2,1,Maryland,4,3,1,,,,
HM187,"Kweisi Mfume (D, 7th) House of Representatives",2,9,1,1,75,1,0,0,1,1,1,2,0,Maryland,2,3,1,,,,
HM188,"Jamie Raskin (D, 8th)",2,5,1,1,62,0,2,0,1,1,2,1,1,Maryland,3,3,1,,,,
HM189,"Richard Neal (D, 1st) House of Representatives",2,17,1,1,75,0,0,1,1,0,1,0,0,Massachusetts,4,3,1,,,,
HM190,"James McGovern (D, 2nd) House of Representatives",2,13,1,1,65,0,0,0,1,1,2,0,0,Massachusetts,2,3,1,,,,
HM191,"Lori Trahan (D, 3rd) House of Representatives",2,3,0,1,50,0,0,0,1,1,2,2,0,Massachusetts,2,3,1,,,,
HM192,"Jake Auchincloss (D, 4th) House of Representatives",2,2,1,1,36,0,0,0,1,0,2,3,1,Massachusetts,3,3,1,,,,
HM193,"Katherine Clark (D, 5th) House of Representatives",2,6,0,1,61,0,0,3,1,1,2,1,1,Massachusetts,3,3,1,,,,
HM194,"Seth Moulton (D, 6th) House of Representatives",2,5,1,1,45,0,0,0,1,0,2,3,1,Massachusetts,2,3,1,,,,
HM195,"Ayanna Pressley (D, 7th) House of Representatives",2,3,0,1,50,1,6,0,1,1,2,1,0,Massachusetts,0,3,1,,,,
HM196,"Stephen Lynch (D, 8th) House of Representatives",2,12,1,1,69,0,0,0,1,1,1,0,0,Massachusetts,3,3,1,,,,
HM197,"William Keating (D, 9th)",2,7,1,1,72,0,0,0,1,1,1,1,0,Massachusetts,2,3,1,,,,
HM198,"Jack Bergman (R, 1st) House of Representatives",1,4,1,1,77,0,0,0,1,0,0,3,0,Michigan,3,3,1,,,,
HM199,"John Moolenaar (R, 2nd) House of Representatives",1,5,1,1,63,0,0,0,1,0,0,2,0,Michigan,4,3,1,,,,
HM200,"Hillary Scholten (D, 3rd) House of Representatives",2,2,0,1,43,0,0,0,1,1,2,1,0,Michigan,2,3,1,,,,
HM201,"Bill Huizenga (R, 4th) House of Representatives",1,7,1,1,55,0,0,1,1,0,0,2,1,Michigan,5,1,1,,,,
HM202,"Tim Walberg (R, 5th) House of Representatives",1,8,1,1,74,0,0,0,1,0,0,2,0,Michigan,2,3,1,,,,
HM203,"Debbie Dingell (D, 6th) House of Representatives",2,5,0,1,72,0,0,0,1,1,1,2,1,Michigan,0,3,1,,,,
HM204,"Tom Barrett (R, 7th) House of Representatives",1,1,1,1,43,0,0,0,1,0,0,4,0,Michigan,2,1,1,,,,
HM205,"Kristen McDonald Rivet (D, 8th) House of Representatives",2,1,0,1,52,0,0,0,1,1,1,2,0,Michigan,6,3,1,,,,
HM206,"Lisa McClain (R, 9th) House of Representatives",1,2,0,1,58,0,0,0,1,1,1,2,0,Michigan,4,1,1,,,,
HM207,"John James (R, 10th) House of Representatives",1,1,1,1,44,1,0,0,1,0,1,2,0,Michigan,3,1,1,,,,
HM208,"Haley Stevens (D, 11th) House of Representatives",2,3,0,1,41,0,2,0,1,1,2,2,0,Michigan,0,3,1,,,,
HM209,"Rashida Tlaib (D, 12th) House of Representatives",2,4,0,1,48,5,6,0,1,1,2,2,0,Michigan,2,1,1,,,,
HM210,"Shri Thanedar (D, 13th)",2,1,1,5,69,3,6,0,1,1,2,4,1,Michigan,2,3,1,,,,
HM211,"Brad Finstad (R, 1st) House of Representatives",1,2,1,1,48,0,0,0,1,1,0,2,0,Minnesota,7,1,1,,,,
HM212,"Angie Craig (D, 2nd) House of Representatives",2,4,0,1,53,0,5,0,1,1,1,2,1,Minnesota,4,1,1,,,,
HM213,"Kelly Morrison (D, 3rd) House of Representatives",2,1,0,1,56,0,0,0,1,1,1,3,1,Minnesota,3,3,1,,,,
HM214,"Betty McCollum (D, 4th) House of Representatives",2,12,0,1,70,0,0,1,1,1,2,2,0,Minnesota,2,3,1,,,,
HM215,"Ilhan Omar (D, 5th) House of Representatives",2,4,0,1,43,5,1,0,1,1,2,2,0,Minnesota,3,1,1,,,,
HM216,"Tom Emmer (R, 6th) House of Representatives",1,6,1,1,63,0,0,4,1,0,1,2,0,Minnesota,7,1,1,,,,
HM217,"Michelle Fischbach (R, 7th) House of Representatives",1,2,0,1,59,0,0,0,1,1,1,2,0,Minnesota,2,1,1,,,,
HM218,"Pete Stauber (R, 8th)",1,4,1,1,58,0,0,0,1,0,1,2,0,Minnesota,4,1,1,,,,
HM219,"Trent Kelly (R, 1st) House of Representatives",1,5,1,1,58,0,0,0,1,0,0,2,0,Mississippi,3,3,1,,,,
HM220,"Bennie Thompson (D, 2nd) House of Representatives",2,16,1,1,77,1,0,1,1,0,1,2,0,Mississippi,1,3,1,,,,
HM221,"Michael Guest (R, 3rd) House of Representatives",1,4,1,1,54,0,0,0,1,0,0,1,0,Mississippi,2,3,1,,,,
HM222,"Mike Ezell (R, 4th)",1,2,1,1,64,0,0,0,1,0,0,4,0,Mississippi,1,1,1,,,,
HM223,Wesley Bell,2,0,1,1,49,1,0,0,1,1,2,1,0,Missouri,1,3,1,,,,
HM224,Ann Wagner,1,6,0,1,62,0,0,0,1,1,1,2,1,Missouri,3,1,1,,,,
HM225,Robert Odner,1,0,1,1,51,0,0,0,2,1,1,4,0,Missouri,3,3,1,,,,
HM226,Mark Alford,1,2,1,1,60,0,0,0,1,1,1,4,0,Missouri,2,1,1,,,,
HM227,Emanuel Cleaver,2,10,1,1,80,1,0,1,1,0,2,2,0,Missouri,2,3,1,,,,
HM228,Sam Graves,1,13,1,1,62,0,0,1,1,0,0,2,0,Missouri,3,1,1,,,,
HM229,Eric Burlison,1,1,1,1,48,0,0,0,1,1,1,2,0,Missouri,2,1,1,,,,
HM230,Jason Smith,1,6,1,1,45,0,0,1,1,0,0,2,0,Missouri,0,1,1,,,,
HM231,Ryan Zinke,1,3,1,1,63,0,0,0,1,0,0,4,0,Montana,2,3,1,,,,
HM232,Troy Downing ,1,0,1,1,56,0,0,0,2,0,0,4,0,Montana,2,1,1,,,,
HM233,Mike Flood,1,2,1,1,49,0,0,0,1,1,0,1,0,Nebraska,2,3,1,,,,
HM234,Don Bacon,1,5,1,1,62,0,0,0,1,0,0,4,0,Nebraska,3,3,1,,,,
HM235,Adrian Smith,1,9,1,1,54,0,0,0,1,0,0,2,0,Nebraska,3,3,1,,,,
HM236,Dina Titus,2,7,0,1,74,0,0,0,1,1,2,2,0,Nevada,0,3,1,,,,
HM237,Mark Amodei ,1,8,1,1,66,0,0,0,1,0,0,1,0,Nevada,2,3,1,,,,
HM238,Susie Lee,2,4,0,1,57,0,0,0,1,1,2,2,1,Nevada,2,3,1,,,,
HM239,Steven Horsford ,2,4,1,1,52,0,0,1,1,1,2,2,0,Nevada,1,1,1,,,,
HM240,Chris Pappas ,2,3,1,1,44,0,0,0,1,1,2,2,0,New Hampshire,0,3,1,,,,
HM241,Maggie Goodlander,2,0,0,1,38,0,0,0,1,1,2,1,1,New Hampshire,2,3,1,,,,
HM242,Donald Norcross,2,5,1,1,65,0,0,0,1,0,1,2,0,New Jersey,3,3,1,,,,
HM243,Jefferson Van Drew,1,3,1,1,71,0,0,0,1,1,1,2,0,New Jersey,2,3,1,,,,
HM244,Herbert Conaway,2,0,1,1,61,0,0,0,1,1,2,3,0,New Jersey,2,3,1,,,,
HM245,Christopher Smith,1,22,1,1,71,0,0,0,1,0,1,2,0,New Jersey,4,3,1,,,,
HM246,Josh Gottheimer,2,4,1,1,49,0,2,0,1,1,1,2,1,New Jersey,3,3,1,,,,
HM247,Frank Pallone,2,18,1,1,73,0,0,1,1,0,1,2,0,New Jersey,3,3,1,,,,
HM248,Thomas Kean,1,2,1,1,55,0,0,0,1,1,1,2,1,New Jersey,2,3,1,,,,
HM249,Robert Menendez ,2,0,1,1,39,2,0,0,2,1,2,2,1,New Jersey,2,3,1,,,,
HM250,Nellie Pou,2,0,0,1,72,2,0,0,1,1,2,2,0,New Jersey,3,3,1,,,,
HM251,LaMonica McIver,2,0,0,1,39,1,0,0,2,1,2,2,0,New Jersey,2,1,1,,,,
HM252,Mikie Sherrill,2,3,0,1,52,0,0,0,1,0,1,1,0,New Jersey,4,3,1,,,,
HM253,Bonnie Watson Coleman,2,5,0,1,79,1,0,0,1,1,2,2,0,New Jersey,2,3,1,,,,
HM254,Melanie Stansbury,2,2,0,1,45,0,0,0,1,1,2,3,1,New Mexico,0,3,1,,,,
HM255,Gabe Vasquez,2,1,1,1,40,2,0,0,1,1,2,2,0,New Mexico,1,1,1,,,,
HM256,Teresea Leger Fernandez,2,2,0,1,65,2,0,0,1,1,2,2,0,New Mexico,3,3,1,,,,
HM257,Nick LaLota,1,1,1,1,45,0,0,0,1,0,1,2,0,New York,3,3,1,,,,
HM258,Andrew Garbarino,1,2,1,1,40,0,0,0,1,1,2,1,1,New York,2,3,1,,,,
HM259,Thomas R. Suozzi,2,7,1,1,61,0,0,0,1,1,2,2,1,New York,3,3,1,,,,
HM260,Laura Gillen,2,1,0,1,55,0,0,0,1,1,2,1,1,New York,2,3,1,,,,
HM261,Gregory Meeks,2,13,1,1,71,1,0,1,1,0,2,1,0,New York,2,3,1,,,,
HM262,Grace Meng,2,6,0,1,49,3,0,0,1,1,2,2,0,New York,2,3,1,,,,
HM263,Nydia Velaquez,2,16,0,1,71,2,0,0,1,1,2,2,0,New York,0,3,1,,,,
HM264,Hakeem Jefferies,2,6,1,1,54,1,0,3,1,1,2,1,0,New York,2,3,1,,,,
HM265,Yvette Clark,2,8,0,1,59,5,0,0,1,1,2,1,0,New York,0,3,1,,,,
HM266,Daniel Goldman,2,1,1,0,48,0,2,0,1,1,2,1,1,New York,5,3,1,,,,
HM267,Nicole Malliotakis,1,2,0,1,43,3,0,0,1,1,2,1,0,New York,1,3,1,,,,
HM268,Jerrold Nadler,2,17,1,1,77,0,2,1,1,1,2,1,1,New York,1,3,1,,,,
HM269,Adriano Espaillat,2,4,1,1,69,2,0,0,1,1,2,2,0,New York,2,3,1,,,,
HM270,Alexandria Ocasio-Cortez,2,3,0,1,35,2,5,0,2,1,2,2,0,New York,0,1,1,,,,
HM271,Ritchie Torres,2,2,1,1,36,2,5,0,1,1,2,2,0,New York,0,1,1,,,,
HM272,George Latimer,2,0,1,1,70,0,0,0,1,0,2,2,0,New York,3,3,1,,,,
HM273,Michael Lawler,1,1,1,1,38,0,0,0,1,1,1,2,0,New York,1,3,1,,,,
HM274,Patrick Ryan,2,2,1,1,42,0,5,0,1,0,1,3,0,New York,2,3,1,,,,
HM275,Josh Riley,2,0,1,1,41,0,0,0,2,1,2,1,0,New York,2,3,1,,,,
HM276,Paul Tonko,2,9,1,1,75,0,0,0,1,0,1,2,0,New York,0,3,1,,,,
HM277,Elise Stefanik ,1,6,0,1,40,0,0,4,1,1,0,2,1,New York,2,3,1,,,,
HM278,John Mannion,2,0,1,1,52,0,0,0,1,1,2,2,0,New York,2,3,1,,,,
HM279,Nicholas Langworthy,1,1,1,1,43,0,0,0,1,1,0,2,0,New York,2,3,1,,,,
HM280,Claudia Tenney,1,3,0,1,63,0,0,0,1,1,1,1,0,New York,1,3,1,,,,
HM281,Joseph Morelle,2,4,1,1,67,0,0,0,1,1,2,2,0,New York,3,3,1,,,,
HM282,Timothy Kennedy,2,0,1,1,47,0,0,0,1,1,2,2,0,New York,3,3,1,,,,
HM283,Donald Davis,2,2,1,1,53,1,0,0,1,0,1,2,0,North Carolina,3,3,1,,,,
HM284,Deborah Ross,2,2,0,1,61,0,0,0,1,1,2,1,0,North Carolina,2,3,1,,,,
HM285,Gregory Murphy,1,3,1,1,60,0,0,0,1,0,1,3,0,North Carolina,3,3,1,,,,
HM286,Valerie Foushee,2,2,0,1,67,1,0,0,1,1,2,2,0,North Carolina,2,3,1,,,,
HM287,Virginia Foxx,1,10,0,1,81,0,0,1,1,0,0,2,0,North Carolina,2,3,1,,,,
HM288,Addison McDowell,1,0,1,1,29,0,0,0,2,1,0,4,0,North Carolina,0,1,1,,,,
HM289,David Rouzer,1,6,1,1,52,0,0,0,1,0,1,2,0,North Carolina,2,3,1,,,,
HM290,Mark Harris,1,0,1,1,57,0,0,0,1,1,0,2,0,North Carolina,3,3,1,,,,
HM291,Richard Hudson,1,6,1,1,52,0,0,0,1,0,1,2,0,North Carolina,3,3,1,,,,
HM292,Pat Harrigan,1,0,1,1,37,0,0,0,2,0,1,4,0,North Carolina,2,3,1,,,,
HM293,Chuck Edwards,1,1,1,1,63,0,0,0,1,0,0,2,0,North Carolina,2,1,1,,,,
HM294,Alma Adams,2,5,0,1,78,1,0,0,1,1,2,2,0,North Carolina,2,3,1,,,,
HM295,Brad Knott,1,0,1,1,40,0,0,0,2,1,0,2,0,North Carolina,2,3,1,,,,
HM296,Tim Moore,1,0,1,1,53,0,0,0,1,1,1,1,0,North Carolina,2,3,1,,,,
HM297,Jullie Fedorchak,1,0,0,1,55,0,0,0,1,1,0,2,0,North Dakota,3,3,1,,,,
HM298,Kimberlyn King-Hinds,1,0,0,1,47,5,0,0,2,1,1,2,0,North Dakota,2,1,1,,,,
HM299,Greg Landsman,2,2,1,1,41,0,0,0,1,1,2,2,0,Ohio,2,3,1,,,,
HM300,David Taylor,1,0,1,1,50,0,0,0,2,1,1,2,0,Ohio,2,3,1,,,,
HM301,Joyce Beatty,2,6,0,1,74,1,0,1,1,1,2,2,0,Ohio,2,3,1,,,,
HM302,Jim Jordan,1,9,1,1,60,0,0,1,1,0,0,2,0,Ohio,4,3,1,,,,
HM303,Robert Latta,1,9,1,1,67,0,0,0,1,0,0,2,0,Ohio,3,3,1,,,,
HM304,Michael A. Rulli,1,1,1,1,55,0,0,0,1,1,1,2,0,Ohio,2,3,1,,,,
HM305,Max Miller,1,2,1,1,35,0,0,0,1,0,2,2,0,Ohio,0,1,1,,,,
HM306,Warren Davdison,1,4,1,1,54,0,0,0,1,0,0,3,0,Ohio,2,3,1,,,,
HM307,Marcy Kaptur,2,21,0,1,78,0,0,1,1,0,2,2,0,Ohio,0,3,1,,,,
HM308,Michael Turner,1,11,1,1,64,0,0,1,1,0,1,2,0,Ohio,2,3,1,,,,
HM309,Shontel Brown,2,2,0,1,49,1,0,0,1,1,2,2,0,Ohio,0,3,1,,,,
HM310,Troy Balderson,1,3,1,1,62,0,0,0,1,0,0,2,0,Ohio,2,3,1,,,,
HM311,Emilia Sykes,2,2,0,1,38,1,5,0,1,1,2,2,0,Ohio,0,3,1,,,,
HM312,David Joyce,1,6,1,1,67,0,0,0,1,0,0,1,0,Ohio,3,3,1,,,,
HM313,Mike Carey,1,2,1,1,53,0,0,0,1,0,0,2,0,Ohio,2,3,1,,,,
HM314,Kevin Hern,1,3,1,1,62,0,0,1,1,0,0,2,0,Oklahoma,3,3,1,,,,
HM315,Josh Brecheen,1,2,1,1,44,0,0,0,1,1,0,2,0,Oklahoma,4,3,1,,,,
HM316,Frank Lucas,1,15,1,1,64,0,0,1,1,0,0,2,0,Oklahoma,2,3,1,,,,
HM317,Tom Cole,1,11,1,1,75,0,0,1,1,0,0,2,0,Oklahoma,2,3,1,,,,
HM318,Stephanie Bice,1,2,0,1,50,0,0,0,1,1,1,2,0,Oklahoma,2,3,1,,,,
HM319,Suzanne Bonamici,2,6,0,1,69,0,0,1,1,1,2,2,0,Oregon,2,3,1,,,,
HM320,Cliff Bentz,1,2,1,1,72,0,0,0,1,0,0,1,0,Oregon,2,3,1,,,,
HM321,Maxine Dexter,2,0,0,1,44,0,0,0,1,1,2,3,1,Oregon,2,3,1,,,,
HM322,Val Hoyle,2,1,0,1,59,0,0,0,1,1,2,2,0,Oregon,1,3,1,,,,
HM323,Janelle Bynum,2,0,0,1,49,3,0,0,1,1,2,3,1,Oregon,2,3,1,,,,
HM324,Andrea Salinas ,2,2,0,1,52,2,0,0,1,1,2,2,0,Oregon,1,3,1,,,,
HM325,Brian Fitzpatrick ,1,4,1,1,50,0,0,0,1,0,1,1,0,Pennsylvania,0,3,1,,,,
HM326,Brendan Boyle ,2,6,1,1,47,0,0,0,1,1,2,1,0,Pennsylvania,2,3,1,,,,
HM327,Dwight Evans,2,9,1,1,70,1,0,0,1,0,2,2,0,Pennsylvania,2,3,1,,,,
HM328,Madeleine Dean,2,3,0,1,64,0,0,0,1,1,2,2,0,Pennsylvania,3,3,1,,,,
HM329,Mary Gay Scranton,2,3,0,1,65,0,0,0,1,1,2,1,0,Pennsylvania,2,3,1,,,,
HM330,Chrissy Houlahan,2,3,0,1,56,0,5,0,1,0,1,3,0,Pennsylvania,2,3,1,,,,
HM331,Ryan Mackenzie ,1,0,1,1,41,0,0,0,2,1,0,2,0,Pennsylvania,2,3,1,,,,
HM332,Robert Bresnahan,1,0,1,1,38,0,0,0,2,1,1,4,0,Pennsylvania,2,3,1,,,,
HM333,Daniel Meuser,1,3,1,1,60,0,0,0,1,1,1,2,0,Pennsylvania,3,3,1,,,,
HM334,Scott Perry ,1,6,1,1,62,0,0,0,1,0,1,4,0,Pennsylvania,2,3,1,,,,
HM335,Llyod Smucker ,1,4,1,1,60,0,0,0,1,0,1,2,0,Pennsylvania,3,3,1,,,,
HM336,Summer Lee ,2,2,0,1,36,1,5,0,1,1,2,2,0,Pennsylvania,0,3,1,,,,
HM337,John Joyce ,1,3,1,1,66,0,0,0,1,0,0,3,0,Pennsylvania,3,3,1,,,,
HM338,Guy Reschenthaler,1,3,1,1,41,0,0,0,1,0,0,1,0,Pennsylvania,0,3,1,,,,
HM339,Glenn Thompson ,1,8,1,1,65,0,0,1,1,0,0,4,0,Pennsylvania,3,3,1,,,,
HM340,Mike Kelly ,1,7,1,1,76,0,0,0,1,0,0,2,0,Pennsylvania,4,3,1,,,,
HM341,Christopher Deluzio ,2,2,1,1,40,0,0,0,1,1,2,1,0,Pennsylvania,3,3,1,,,,
HM342,Pablo Hernandez,2,0,1,1,34,2,5,0,2,1,2,2,0,Puerto Rico,0,1,0,,,,
HM343,Gabe Amo ,2,1,1,1,36,1,0,0,1,1,2,2,0,Rhode Island,0,1,1,,,,
HM344,Seth Maganizer ,2,2,1,1,40,0,0,0,1,1,2,2,0,Rhode Island,2,3,1,,,,
HM345,Nancy Mace,1,3,0,1,47,0,0,0,1,1,1,2,0,South Carolina,2,3,1,,,,
HM346,Joe Wilson ,1,12,1,1,77,0,0,0,1,0,0,2,0,South Carolina,4,3,1,,,,
HM347,Sheri Biggs ,1,0,0,1,48,0,0,0,2,0,0,3,0,South Carolina,2,3,1,,,,
HM348,William Timmons ,1,3,1,1,39,0,0,0,1,1,1,2,0,South Carolina,2,3,1,,,,
HM349,Ralph Norman,1,5,1,1,70,0,0,0,1,0,0,2,0,South Carolina,4,3,1,,,,
HM350,James Clyburn ,2,17,1,1,84,1,0,1,1,0,2,2,0,South Carolina,4,3,1,,,,
HM351,Russel Fry,1,2,1,1,39,0,0,0,1,1,1,2,0,South Carolina,2,3,1,,,,
HM352,Dusty Johnson ,1,3,1,1,48,0,0,1,1,0,0,2,0,South Dakota,3,3,1,,,,
HM353,Diana Harshbarger ,1,2,0,1,64,0,0,0,1,1,0,3,0,Tennessee,1,3,1,,,,
HM354,Tim Burchett,1,3,1,1,60,0,0,0,1,0,0,2,0,Tennessee,1,3,1,,,,
HM355,Charles Fleischmann ,1,7,1,1,61,0,0,0,1,0,0,2,0,Tennessee,2,3,1,,,,
HM356,Scott DesJarlais,1,7,1,1,59,0,0,0,1,0,0,3,0,Tennessee,3,3,1,,,,
HM357,Andrew Ogles,1,2,1,1,53,0,0,0,1,1,1,2,0,Tennessee,3,3,1,,,,
HM358,John Rose ,1,3,1,1,59,0,0,0,1,0,0,2,0,Tennessee,2,3,1,,,,
HM359,Mark E. Green ,1,3,1,1,59,0,0,0,1,0,0,3,0,Tennessee,2,3,1,,,,
HM360,David Kustoff ,1,4,1,1,58,0,0,0,1,0,1,1,0,Tennessee,2,3,1,,,,
HM361,Steve Cohen ,2,10,1,1,75,0,2,0,1,0,2,1,1,Tennessee,0,3,1,,,,
HM362,Nathaniel Moran ,1,1,1,1,49,0,0,0,1,0,0,2,0,Texas,4,3,1,,,,
HM363,Dan Crenshaw,1,3,1,1,40,0,0,0,1,0,1,4,0,Texas,0,3,1,,,,
HM364,Keith Self ,1,1,1,1,70,0,0,0,1,0,1,4,0,Texas,2,3,1,,,,
HM365,Pat Fallon,1,2,1,1,56,0,0,0,1,0,0,2,0,Texas,2,3,1,,,,
HM366,Lance Gooden ,1,3,1,1,41,0,0,0,1,1,0,2,0,Texas,2,3,1,,,,
HM367,Jake Elizey ,1,2,1,1,54,0,0,0,1,0,0,4,0,Texas,2,3,1,,,,
HM368,Lizzie Fletcher ,2,3,0,1,50,0,0,0,1,1,2,1,1,Texas,0,3,1,,,,
HM369,Morgan Luttrell ,1,1,1,1,48,0,0,0,1,0,1,4,0,Texas,2,3,1,,,,
HM370,Al Green ,2,9,1,1,77,1,0,0,1,1,2,1,0,Texas,0,3,1,,,,
HM371,Michael McCaul ,1,11,1,1,62,0,0,1,1,0,0,1,0,Texas,5,3,1,,,,
HM372,August Pfluger ,1,3,1,1,46,0,0,0,1,0,0,4,0,Texas,2,3,1,,,,
HM373,Craig Goldman ,1,0,1,1,56,0,0,0,1,1,0,2,0,Texas,3,3,1,,,,
HM374,Ronny Jackson ,1,2,1,1,57,0,0,0,1,0,0,4,0,Texas,3,3,1,,,,
HM375,Randy Weber ,1,6,1,1,71,0,0,0,1,0,0,2,0,Texas,2,3,1,,,,
HM376,Monica De La Cruz,1,2,0,1,50,2,0,0,1,1,2,2,0,Texas,2,3,1,,,,
HM377,Veronica Escobar ,2,3,0,1,54,2,0,0,1,1,2,2,0,Texas,2,3,1,,,,
HM378,Pete Sessions ,1,12,1,1,69,0,0,0,1,0,0,2,0,Texas,5,3,1,,,,
HM379,Slyvester Turner ,2,0,1,1,69,1,0,0,1,1,2,2,0,Texas,2,3,1,,,,
HM380,Jodey Arrington ,1,4,1,1,52,0,0,1,1,0,0,2,0,Texas,3,3,1,,,,
HM381,Joaquin Castro ,2,6,1,1,50,2,0,0,1,1,2,2,0,Texas,2,3,1,,,,
HM382,Chip Roy ,1,3,1,1,51,0,0,0,1,1,0,1,0,Texas,2,3,1,,,,
HM383,Troy Nehls ,1,2,1,1,56,0,0,0,1,0,0,4,0,Texas,2,3,1,,,,
HM384,Tony Gonzalez ,1,3,1,1,44,2,0,0,1,0,1,4,0,Texas,2,3,1,,,,
HM385,Beth Van Duyne ,1,2,0,1,53,0,0,0,1,1,2,1,0,Texas,2,3,1,,,,
HM386,Roger Williams ,1,6,1,1,74,0,0,0,1,0,0,2,0,Texas,2,3,1,,,,
HM387,Brandon Gill,1,0,1,1,28,0,5,0,2,1,2,1,0,Texas,0,1,1,,,,
HM388,Michael Cloud ,1,4,1,1,49,0,0,0,1,1,1,2,0,Texas,3,3,1,,,,
HM389,Henry Cuellar ,2,10,1,1,69,2,0,1,1,1,2,2,0,Texas,2,3,1,,,,
HM390,Sylvia Garcia ,2,3,0,1,73,2,0,0,1,1,2,2,0,Texas,2,3,1,,,,
HM391,Jasmine Crockett ,2,1,0,1,43,1,0,0,1,1,2,1,0,Texas,0,3,1,,,,
HM392,John Carter ,1,11,1,1,83,0,0,0,1,0,0,2,0,Texas,2,3,1,,,,
HM393,Julie Johnson ,2,1,0,1,52,0,5,0,1,1,2,1,1,Texas,2,3,1,,,,
HM394,Marc Veasey ,2,6,1,1,53,1,0,0,1,1,2,2,0,Texas,1,3,1,,,,
HM395,Vicente Gonzalez,2,4,1,1,57,2,0,0,1,1,2,2,0,Texas,3,3,1,,,,
HM396,Greg Casar ,2,2,1,1,35,2,5,0,1,1,2,2,0,Texas,0,1,1,,,,
HM397,Brian Babin ,1,5,1,1,76,0,0,0,1,0,0,3,0,Texas,5,3,1,,,,
HM398,Lloyd Doggett ,2,14,1,1,78,0,0,1,1,0,2,1,0,Texas,2,3,1,,,,
HM399,Wesley Hunt ,1,2,1,1,42,0,0,0,1,0,0,4,0,Texas,3,3,1,,,,
HM400,Blake Moore ,1,3,1,1,44,0,0,0,1,0,0,2,0,Utah,3,3,1,,,,
HM401,Celeste Maloy ,1,1,0,1,44,0,0,0,1,1,0,1,0,Utah,3,3,1,,,,
HM402,Mike Kennedy ,1,0,1,1,54,0,0,0,1,1,1,3,0,Utah,5,3,1,,,,
HM403,Burgess Owens ,1,2,1,1,73,1,0,0,1,0,0,2,0,Utah,6,3,1,,,,
HM404,Becca Balint,2,1,0,1,56,0,0,0,1,1,2,2,0,Vermont,1,3,1,,,,
HM405,Robert Wittman ,1,9,1,1,64,0,0,0,1,0,0,2,0,Virginia,3,3,1,,,,
HM406,Jennifer Kiggans ,1,1,0,1,53,0,0,0,1,0,1,4,0,Virginia,2,3,1,,,,
HM407,Robert Scott ,2,16,1,1,77,1,0,1,1,0,2,2,0,Virginia,0,3,1,,,,
HM408,Jennifer McClellan ,2,1,0,1,52,1,0,0,1,1,2,1,0,Virginia,2,3,1,,,,
HM409,John McGuire ,1,0,1,1,55,0,0,0,1,0,0,4,0,Virginia,3,3,1,,,,
HM410,Ben Cline ,1,3,1,1,52,0,0,0,1,1,0,1,0,Virginia,2,3,1,,,,
HM411,Eugene Vindman ,2,0,1,1,49,0,5,0,2,0,1,4,0,Virginia,2,3,1,,,,
HM412,Donald Beyer ,2,5,1,1,73,0,0,0,1,1,2,2,0,Virginia,2,3,1,,,,
HM413,H. Griffith ,1,7,1,1,65,0,0,0,1,1,0,1,0,Virginia,3,3,1,,,,
HM414,Suhas Subramanyam ,2,0,1,1,38,3,0,0,1,1,2,2,0,Virginia,2,3,1,,,,
HM415,James Walkinshaw,2,0,1,1,41,0,5,0,1,1,2,1,0,Virginia,1,3,1,,,,
HM416,Suzan DelBene,2,6,0,1,62,0,0,1,1,1,2,2,0,Washington,2,3,1,,,,
HM417,Rick Larsen,2,12,1,1,59,0,0,1,1,1,2,2,0,Washington,2,3,1,,,,
HM418,Marie Gluesenkamp Perez,2,2,0,1,36,2,0,0,1,1,2,2,0,Washington,1,3,1,,,,
HM419,Dan Newhouse,1,5,1,1,69,0,0,0,1,0,0,2,0,Washington,2,3,1,,,,
HM420,Michael Baumgartner,1,0,1,1,48,0,0,0,2,1,1,2,0,Washington,3,3,1,,,,
HM421,Emily Randall,2,0,0,1,39,0,0,0,1,1,2,2,0,Washington,1,3,1,,,,
HM422,Pramila Jayapal,2,5,0,1,59,3,0,0,1,1,2,2,0,Washington,1,3,1,,,,
HM423,Kim Schrier,2,3,0,1,55,0,0,0,1,1,2,3,0,Washington,1,3,1,,,,
HM424,Adam Smith,2,14,1,1,59,0,0,1,1,0,2,2,0,Washington,0,3,1,,,,
HM425,Marilyn Strickland,2,2,0,1,61,1,0,0,1,1,2,2,0,Washington,1,3,1,,,,
HM426,Carol Miller,1,3,0,1,74,0,0,0,1,1,0,2,0,West Virginia,2,3,1,,,,
HM427,Riley Moore,1,0,1,1,44,0,0,0,2,1,0,2,0,West Virginia,2,3,1,,,,
HM428,Bryan Stell,1,0,1,1,41,0,0,0,2,1,1,4,0,West Virginia,1,3,1,,,,
HM429,Mark Pocan,2,6,1,1,60,0,5,0,1,1,2,1,0,Wisconsin,0,3,1,,,,
HM430,Derrick Van Orden,1,1,1,1,54,0,0,0,1,0,0,4,0,Wisconsin,5,3,1,,,,
HM431,Gwen Moore,2,10,0,1,73,1,0,0,1,1,2,2,0,Wisconsin,3,3,1,,,,
HM432,Scott Fitzgerald,1,2,1,1,61,0,0,0,1,1,0,2,0,Wisconsin,3,3,1,,,,
HM433,Glenn Grothman,1,5,1,1,69,0,0,0,1,0,0,2,0,Wisconsin,0,3,1,,,,
HM434,Thomas Tiffany,1,3,1,1,66,0,0,0,1,0,0,2,0,Wisconsin,3,3,1,,,,
HM435,Tony Wied,1,0,1,1,47,0,0,0,2,1,0,2,0,Wisconsin,2,3,1,,,,
HM436,Harriet Hageman,1,1,0,1,61,0,0,0,1,1,0,1,0,Wyoming,2,3,1,,,,
HM437,Gregorio Kilili Camacho Sablan,2,8,1,1,69,5,0,0,1,1,2,2,0,Northern Mariana Islands,6,3,0,,,,
HM438,James Moylan,1,1,1,1,63,5,0,0,1,0,0,2,0,Guam,3,3,0,,,,
HM439,Jenniffer González-Colón,1,4,0,1,48,2,0,0,1,1,2,2,0,Puerto Rico,0,3,0,,,,
HM440,Stacey Plaskett,2,6,0,1,58,2,0,0,1,1,2,2,0,U.S. Virgin Islands,2,3,0,,,,
HM441,Eleanor Holmes Norton,2,17,0,1,87,1,0,1,1,1,2,1,1,District of Columbia,0,3,0,,,,
,,,,,,,,,,,,,,,,,,,,,,
,,,,,,,,,,,,,,,,,,,,,,
,,,,,,,,,,,,,,,,,,,,,,
,,,,,,,,,,,,,,,,,,,,,,
,,,,,,,,,,,,,,,,,,,,,,
,,,,,,,,,,,,,,,,,,,,,,
,,,,,,,,,,,,,,,,,,,,,,
,,,,,,,,,,,,,,,,,,,,,,
,,,,,,,,,,,,,,,,,,,,,,
,,,,,,,,,,,,,,,,,,,,,,
,,,,,,,,,,,,,,,,,,,,,,
,,,,,,,,,,,,,,,,,,,,,,
,,,,,,,,,,,,,,,,,,,,,,
,,,,,,,,,,,,,,,,,,,,,,
,,,,,,,,,,,,,,,,,,,,,,
,,,,,,,,,,,,,,,,,,,,,,
,,,,,,,,,,,,,,,,,,,,,,
,,,,,,,,,,,,,,,,,,,,,,
,,,,,,,,,,,,,,,,,,,,,,
,,,,,,,,,,,,,,,,,,,,,,
,,,,,,,,,,,,,,,,,,,,,,
,,,,,,,,,,,,,,,,,,,,,,
,,,,,,,,,,,,,,,,,,,,,,
,,,,,,,,,,,,,,,,,,,,,,
,,,,,,,,,,,,,,,,,,,,,,
,,,,,,,,,,,,,,,,,,,,,,
,,,,,,,,,,,,,,,,,,,,,,
,,,,,,,,,,,,,,,,,,,,,,
,,,,,,,,,,,,,,,,,,,,,,
,,,,,,,,,,,,,,,,,,,,,4,0